{
    "mean": {
        "accuracy": 0.36060606060606061,
        "f1_score": 0.35678981642266785,
        "roc_auc": 0.6,
        "max_probs": 0.54285714285714282,
        "ece_10_bin": 0.28225108225108221,
        "ece_1_bin": 0.28225108225108221,
        "acc_top_10_percentile": 0.3
    },
    "std": {
        "accuracy_std": 0.003607503607503608,
        "f1_score_std": 0.005207585773250142,
        "roc_auc_std": 0.0,
        "max_probs_std": 0.0,
        "ece_10_bin_std": 0.003607503607503608,
        "ece_1_bin_std": 0.003607503607503608,
        "acc_top_10_percentile_std": 0.0071428571428571435
    }
}